<?xml version="1.0"?>
<!--
/**
 * Copyright © Magento, Inc. All rights reserved.
 * See COPYING.txt for license details.
 */
/**
 * Code standard by : RH
 */
-->
<config xmlns:xsi="http://www.w3.org/2001/XMLSchema-instance" xsi:noNamespaceSchemaLocation="urn:magento:framework:ObjectManager/etc/config.xsd">
    <type name="Magento\Eav\Model\Entity\AttributeCache">
        <arguments>
            <argument name="unsupportedTypes" xsi:type="array">
                <item name="rh_helloworld" xsi:type="string">rh_helloworld</item>
            </argument>
        </arguments>
    </type>
    <type name="RH\HelloWorld\UI\Component\Listing\DataProvider">
        <arguments>
            <argument name="collection" xsi:type="object" shared="false">RH\HelloWorld\Model\ResourceModel\HelloWorld\Collection</argument>
            <argument name="filterPool" xsi:type="object" shared="false">RefGridFilterPool</argument>
        </arguments>
    </type>
    <virtualType name="RefGridFilterPool" type="Magento\Framework\View\Element\UiComponent\DataProvider\FilterPool">
        <arguments>
            <argument name="appliers" xsi:type="array">
                <item name="regular" xsi:type="object">Magento\Framework\View\Element\UiComponent\DataProvider\RegularFilter</item>
                <item name="fulltext" xsi:type="object">Magento\Framework\View\Element\UiComponent\DataProvider\FulltextFilter</item>
            </argument>
        </arguments>
    </virtualType>
    <type name="Magento\Framework\View\Element\UiComponent\DataProvider\CollectionFactory">
        <arguments>
            <argument name="collections" xsi:type="array">
                <item name="rh_helloworld_helloworld_listing_data_source" xsi:type="string">RH\HelloWorld\Model\ResourceModel\HelloWorld\Grid\Collection</item>
            </argument>
        </arguments>
    </type>
    <type name="RH\HelloWorld\Model\ResourceModel\HelloWorld\Grid\Collection">
        <arguments>
            <argument name="eventPrefix" xsi:type="string">rh_helloworld_helloworld_grid_collection</argument>
            <argument name="eventObject" xsi:type="string">rh_helloworld_helloworld_grid_collection</argument>
            <argument name="resourceModel" xsi:type="string">RH\HelloWorld\Model\ResourceModel\HelloWorld</argument>
        </arguments>
    </type>
</config>