<?xml version="1.0"?>
<config xmlns:xsi="http://www.w3.org/2001/XMLSchema-instance" xsi:noNamespaceSchemaLocation="urn:magento:framework:Acl/etc/acl.xsd">
    <acl>
        <resources>
            <resource id="Magento_Backend::admin">
                <resource id="Rokanthemes_RokanBase::rokanbase" title="Rokanthemes" translate="title" sortOrder="60">
                    <resource id="Rokanthemes_StoreLocator::configuration" title="Store Locator" translate="title" sortOrder="510">
                        <resource id="Rokanthemes_StoreLocator::stores" title="Manage Stores" translate="title" sortOrder="10" />
                    </resource>
                </resource>
            </resource>
        </resources>
    </acl>
</config>